Workbook

Sheet לוח בקרה
A1: אופנת גלים בע״מ — לוח בקרה 2026
A2: נתוני דמה. ינואר–יוני בפועל, יולי–דצמבר תחזית.
A4: מדד | B4: ערך
A5: הכנסות ברוטו | B5: ='רווח והפסד'!N4
A6: רווח גולמי | B6: ='רווח והפסד'!N8
A7: רווח תפעולי | B7: ='רווח והפסד'!N10
A8: שיעור רווח גולמי | B8: ='רווח והפסד'!N12
A9: שווי מלאי | B9: ='מלאי'!K17
A10: יתרת מזומן בסוף שנה | B10: ='תזרים מזומנים'!F15

Sheet הנחות ופרמטרים
A1: אופנת גלים בע״מ — הנחות ופרמטרים
A2: כל המספרים בגיליון הזה הם קלט. שאר הגיליונות מחושבים מהם בנוסחאות.
A4: פרמטר | B4: ערך | C4: יחידה | D4: הערה
A5: שיעור מע״מ | B5: 0.18 | C5: אחוז | D5: 18% מ־1 בינואר 2025
A6: שיעור עלות המכר | B6: 0.42 | C6: אחוז | D6: אחוז מההכנסה ברוטו
A7: צמיחה חודשית בתחזית | B7: 0.035 | C7: אחוז | D7: יולי–דצמבר
A8: ימי אשראי לקוחות | B8: 45 | C8: ימים | D8: ממוצע גבייה
A9: ימי אשראי ספקים | B9: 60 | C9: ימים | D9: ממוצע תשלום
A10: מלאי בטחון | B10: 0.2 | C10: אחוז | D10: מהצריכה החודשית
A11: זמן אספקה מספק | B11: 21 | C11: ימים | D11: ממוצע משוקלל
A12: שיעור החזרות | B12: 0.065 | C12: אחוז | D12: מהמכירות באתר

Sheet הכנסות
A1: הכנסות לפי ערוץ מכירה — 2026
A3: ערוץ מכירה | B3: ינואר | C3: פברואר | D3: מרץ | E3: אפריל | F3: מאי | G3: יוני | H3: יולי | I3: אוגוסט | J3: ספטמבר | K3: אוקטובר | L3: נובמבר | M3: דצמבר | N3: סה״כ שנתי
A4: חנות רחוב — חיפה | B4: 142000 | C4: 125000 | D4: 149100 | E4: 137700 | F4: 159000 | G4: 171800 | H4: =G4*(1+'הנחות ופרמטרים'!$B$7) | I4: =H4*(1+'הנחות ופרמטרים'!$B$7) | J4: =I4*(1+'הנחות ופרמטרים'!$B$7) | K4: =J4*(1+'הנחות ופרמטרים'!$B$7) | L4: =K4*(1+'הנחות ופרמטרים'!$B$7) | M4: =L4*(1+'הנחות ופרמטרים'!$B$7) | N4: =SUM(B4:M4)
A5: חנות קניון — קריון | B5: 198500 | C5: 174700 | D5: 208400 | E5: 192500 | F5: 222300 | G5: 240200 | H5: =G5*(1+'הנחות ופרמטרים'!$B$7) | I5: =H5*(1+'הנחות ופרמטרים'!$B$7) | J5: =I5*(1+'הנחות ופרמטרים'!$B$7) | K5: =J5*(1+'הנחות ופרמטרים'!$B$7) | L5: =K5*(1+'הנחות ופרמטרים'!$B$7) | M5: =L5*(1+'הנחות ופרמטרים'!$B$7) | N5: =SUM(B5:M5)
A6: אתר אינטרנט | B6: 126400 | C6: 111200 | D6: 132700 | E6: 122600 | F6: 141600 | G6: 152900 | H6: =G6*(1+'הנחות ופרמטרים'!$B$7) | I6: =H6*(1+'הנחות ופרמטרים'!$B$7) | J6: =I6*(1+'הנחות ופרמטרים'!$B$7) | K6: =J6*(1+'הנחות ופרמטרים'!$B$7) | L6: =K6*(1+'הנחות ופרמטרים'!$B$7) | M6: =L6*(1+'הנחות ופרמטרים'!$B$7) | N6: =SUM(B6:M6)
A7: מרקטפלייס | B7: 74800 | C7: 65800 | D7: 78500 | E7: 72600 | F7: 83800 | G7: 90500 | H7: =G7*(1+'הנחות ופרמטרים'!$B$7) | I7: =H7*(1+'הנחות ופרמטרים'!$B$7) | J7: =I7*(1+'הנחות ופרמטרים'!$B$7) | K7: =J7*(1+'הנחות ופרמטרים'!$B$7) | L7: =K7*(1+'הנחות ופרמטרים'!$B$7) | M7: =L7*(1+'הנחות ופרמטרים'!$B$7) | N7: =SUM(B7:M7)
A8: מכירה סיטונאית | B8: 95200 | C8: 83800 | D8: 100000 | E8: 92300 | F8: 106600 | G8: 115200 | H8: =G8*(1+'הנחות ופרמטרים'!$B$7) | I8: =H8*(1+'הנחות ופרמטרים'!$B$7) | J8: =I8*(1+'הנחות ופרמטרים'!$B$7) | K8: =J8*(1+'הנחות ופרמטרים'!$B$7) | L8: =K8*(1+'הנחות ופרמטרים'!$B$7) | M8: =L8*(1+'הנחות ופרמטרים'!$B$7) | N8: =SUM(B8:M8)
A9: סה״כ הכנסות | B9: =SUM(B4:B8) | C9: =SUM(C4:C8) | D9: =SUM(D4:D8) | E9: =SUM(E4:E8) | F9: =SUM(F4:F8) | G9: =SUM(G4:G8) | H9: =SUM(H4:H8) | I9: =SUM(I4:I8) | ... N9: =SUM(N4:N8)
A11: מזה מע״מ | N11: =N9*'הנחות ופרמטרים'!$B$5/(1+'הנחות ופרמטרים'!$B$5)

Sheet הוצאות
A1: הוצאות תפעוליות — 2026
A3: סעיף הוצאה | B3: ינואר | C3: פברואר | D3: מרץ | E3: אפריל | F3: מאי | G3: יוני | H3: יולי | I3: אוגוסט | J3: ספטמבר | K3: אוקטובר | L3: נובמבר | M3: דצמבר | N3: סה״כ שנתי
A4: שכר ונלוות | B4: 168000 | C4: 166300 | D4: 171400 | E4: 169700 | F4: 174700 | G4: 178100 | H4: 176400 | I4: 179800 | J4: 178100 | K4: 181400 | L4: 184800 | M4: 193200 | N4: =SUM(B4:M4)
A5: שכר דירה וארנונה | B5: 62000 | C5: 61400 | D5: 63200 | E5: 62600 | F5: 64500 | G5: 65700 | H5: 65100 | I5: 66300 | J5: 65700 | K5: 67000 | L5: 68200 | M5: 71300 | N5: =SUM(B5:M5)
A6: שיווק ופרסום | B6: 41500 | C6: 41100 | D6: 42300 | E6: 41900 | F6: 43200 | G6: 44000 | H6: 43600 | I6: 44400 | J6: 44000 | K6: 44800 | L6: 45700 | M6: 47700 | N6: =SUM(B6:M6)
A7: חשמל, מים ותקשורת | B7: 11800 | C7: 11700 | D7: 12000 | E7: 11900 | F7: 12300 | G7: 12500 | H7: 12400 | I7: 12600 | J7: 12500 | K7: 12700 | L7: 13000 | M7: 13600 | N7: =SUM(B7:M7)
A8: הוצאות משרד | B8: 7400 | C8: 7300 | D8: 7500 | E8: 7500 | F8: 7700 | G8: 7800 | H8: 7800 | I8: 7900 | J8: 7800 | K8: 8000 | L8: 8100 | M8: 8500 | N8: =SUM(B8:M8)
A9: עמלות סליקה | B9: 14200 | C9: 14100 | D9: 14500 | E9: 14300 | F9: 14800 | G9: 15100 | H9: 14900 | I9: 15200 | J9: 15100 | K9: 15300 | L9: 15600 | M9: 16300 | N9: =SUM(B9:M9)
A10: הובלה ושילוח | B10: 19600 | C10: 19400 | D10: 20000 | E10: 19800 | F10: 20400 | G10: 20800 | H10: 20600 | I10: 21000 | J10: 20800 | K10: 21200 | L10: 21600 | M10: 22500 | N10: =SUM(B10:M10)
A11: ביטוח | B11: 8300 | C11: 8200 | D11: 8500 | E11: 8400 | F11: 8600 | G11: 8800 | H11: 8700 | I11: 8900 | J11: 8800 | K11: 9000 | L11: 9100 | M11: 9500 | N11: =SUM(B11:M11)
A12: פחת והפחתות | B12: 12000 | C12: 11900 | D12: 12200 | E12: 12100 | F12: 12500 | G12: 12700 | H12: 12600 | I12: 12800 | J12: 12700 | K12: 13000 | L12: 13200 | M12: 13800 | N12: =SUM(B12:M12)
A13: סה״כ הוצאות | B13: =SUM(B4:B12) | C13: =SUM(C4:C12) | D13: =SUM(D4:D12) | E13: =SUM(E4:E12) | F13: =SUM(F4:F12) | G13: =SUM(G4:G12) | H13: =SUM(H4:H12) | I13: =SUM(I4:I12) | ... N13: =SUM(N4:N12)

Sheet רווח והפסד
A1: דוח רווח והפסד — 2026
A3: סעיף | B3: ינואר | C3: פברואר | D3: מרץ | E3: אפריל | F3: מאי | G3: יוני | H3: יולי | I3: אוגוסט | J3: ספטמבר | K3: אוקטובר | L3: נובמבר | M3: דצמבר | N3: סה״כ שנתי
A4: הכנסות ברוטו | B4: ='הכנסות'!B9 | C4: ='הכנסות'!C9 | D4: ='הכנסות'!D9 | E4: ='הכנסות'!E9 | F4: ='הכנסות'!F9 | G4: ='הכנסות'!G9 | H4: ='הכנסות'!H9 | I4: ='הכנסות'!I9 | ... M4: ='הכנסות'!M9 | N4: =SUM(B4:M4)
A5: מע״מ | B5: =-'הכנסות'!B9*'הנחות ופרמטרים'!$B$5/(1+'הנחות ופרמטרים'!$B$5) | C5: =-'הכנסות'!C9*'הנחות ופרמטרים'!$B$5/(1+'הנחות ופרמטרים'!$B$5) | D5: =-'הכנסות'!D9*'הנחות ופרמטרים'!$B$5/(1+'הנחות ופרמטרים'!$B$5) | E5: =-'הכנסות'!E9*'הנחות ופרמטרים'!$B$5/(1+'הנחות ופרמטרים'!$B$5) | F5: =-'הכנסות'!F9*'הנחות ופרמטרים'!$B$5/(1+'הנחות ופרמטרים'!$B$5) | G5: =-'הכנסות'!G9*'הנחות ופרמטרים'!$B$5/(1+'הנחות ופרמטרים'!$B$5) | H5: =-'הכנסות'!H9*'הנחות ופרמטרים'!$B$5/(1+'הנחות ופרמטרים'!$B$5) | I5: =-'הכנסות'!I9*'הנחות ופרמטרים'!$B$5/(1+'הנחות ופרמטרים'!$B$5) | ... M5: =-'הכנסות'!M9*'הנחות ופרמטרים'!$B$5/(1+'הנחות ופרמטרים'!$B$5) | N5: =SUM(B5:M5)
A6: הכנסות נטו | B6: =B4+B5 | C6: =C4+C5 | D6: =D4+D5 | E6: =E4+E5 | F6: =F4+F5 | G6: =G4+G5 | H6: =H4+H5 | I6: =I4+I5 | ... M6: =M4+M5 | N6: =SUM(B6:M6)
A7: עלות המכר | B7: =-B6*'הנחות ופרמטרים'!$B$6 | C7: =-C6*'הנחות ופרמטרים'!$B$6 | D7: =-D6*'הנחות ופרמטרים'!$B$6 | E7: =-E6*'הנחות ופרמטרים'!$B$6 | F7: =-F6*'הנחות ופרמטרים'!$B$6 | G7: =-G6*'הנחות ופרמטרים'!$B$6 | H7: =-H6*'הנחות ופרמטרים'!$B$6 | I7: =-I6*'הנחות ופרמטרים'!$B$6 | ... M7: =-M6*'הנחות ופרמטרים'!$B$6 | N7: =SUM(B7:M7)
A8: רווח גולמי | B8: =B6+B7 | C8: =C6+C7 | D8: =D6+D7 | E8: =E6+E7 | F8: =F6+F7 | G8: =G6+G7 | H8: =H6+H7 | I8: =I6+I7 | ... M8: =M6+M7 | N8: =SUM(B8:M8)
A9: הוצאות תפעוליות | B9: =-'הוצאות'!B13 | C9: =-'הוצאות'!C13 | D9: =-'הוצאות'!D13 | E9: =-'הוצאות'!E13 | F9: =-'הוצאות'!F13 | G9: =-'הוצאות'!G13 | H9: =-'הוצאות'!H13 | I9: =-'הוצאות'!I13 | ... M9: =-'הוצאות'!M13 | N9: =SUM(B9:M9)
A10: רווח תפעולי | B10: =B8+B9 | C10: =C8+C9 | D10: =D8+D9 | E10: =E8+E9 | F10: =F8+F9 | G10: =G8+G9 | H10: =H8+H9 | I10: =I8+I9 | ... M10: =M8+M9 | N10: =SUM(B10:M10)
A12: שיעור רווח גולמי | B12: =IFERROR(B8/B6,0) | C12: =IFERROR(C8/C6,0) | D12: =IFERROR(D8/D6,0) | E12: =IFERROR(E8/E6,0) | F12: =IFERROR(F8/F6,0) | G12: =IFERROR(G8/G6,0) | H12: =IFERROR(H8/H6,0) | I12: =IFERROR(I8/I6,0) | ... N12: =IFERROR(N8/N6,0)
A13: שיעור רווח תפעולי | B13: =IFERROR(B10/B6,0) | C13: =IFERROR(C10/C6,0) | D13: =IFERROR(D10/D6,0) | E13: =IFERROR(E10/E6,0) | F13: =IFERROR(F10/F6,0) | G13: =IFERROR(G10/G6,0) | H13: =IFERROR(H10/H6,0) | I13: =IFERROR(I10/I6,0) | ... N13: =IFERROR(N10/N6,0)

Sheet מלאי
A1: ניהול מלאי — פריטים פעילים
A3: מק״ט | B3: תיאור פריט | C3: קטגוריה | D3: מידה | E3: צבע | F3: מלאי נוכחי | G3: צריכה חודשית | H3: מלאי בטחון | I3: נקודת הזמנה | J3: עלות ליחידה | K3: שווי מלאי
A4: TS-1041 | B4: חולצת טי כותנה | C4: חולצות | D4: M | E4: לבן | F4: 340 | G4: 120 | H4: =ROUND(G4*'הנחות ופרמטרים'!$B$10,0) | I4: =ROUND(G4/30*'הנחות ופרמטרים'!$B$11+H4,0) | J4: 24.9 | K4: =F4*J4
A5: TS-1042 | B5: חולצת טי כותנה | C5: חולצות | D5: L | E5: שחור | F5: 92 | G5: 145 | H5: =ROUND(G5*'הנחות ופרמטרים'!$B$10,0) | I5: =ROUND(G5/30*'הנחות ופרמטרים'!$B$11+H5,0) | J5: 24.9 | K5: =F5*J5
A6: SH-2210 | B6: חולצה מכופתרת פשתן | C6: חולצות | D6: L | E6: תכלת | F6: 156 | G6: 48 | H6: =ROUND(G6*'הנחות ופרמטרים'!$B$10,0) | I6: =ROUND(G6/30*'הנחות ופרמטרים'!$B$11+H6,0) | J6: 68 | K6: =F6*J6
A7: JN-3305 | B7: מכנסי ג׳ינס סלים | C7: מכנסיים | D7: 32 | E7: כחול | F7: 78 | G7: 62 | H7: =ROUND(G7*'הנחות ופרמטרים'!$B$10,0) | I7: =ROUND(G7/30*'הנחות ופרמטרים'!$B$11+H7,0) | J7: 96.5 | K7: =F7*J7
A8: JN-3307 | B8: מכנסי ג׳ינס ישר | C8: מכנסיים | D8: 34 | E8: שחור | F8: 210 | G8: 55 | H8: =ROUND(G8*'הנחות ופרמטרים'!$B$10,0) | I8: =ROUND(G8/30*'הנחות ופרמטרים'!$B$11+H8,0) | J8: 96.5 | K8: =F8*J8
A9: DR-4102 | B9: שמלת קיץ פרחונית | C9: שמלות | D9: S | E9: ורוד | F9: 45 | G9: 38 | H9: =ROUND(G9*'הנחות ופרמטרים'!$B$10,0) | I9: =ROUND(G9/30*'הנחות ופרמטרים'!$B$11+H9,0) | J9: 112 | K9: =F9*J9
A10: DR-4108 | B10: שמלת ערב | C10: שמלות | D10: M | E10: שחור | F10: 31 | G10: 14 | H10: =ROUND(G10*'הנחות ופרמטרים'!$B$10,0) | I10: =ROUND(G10/30*'הנחות ופרמטרים'!$B$11+H10,0) | J10: 245 | K10: =F10*J10
A11: JK-5501 | B11: מעיל חורף מרופד | C11: מעילים | D11: XL | E11: אפור | F11: 118 | G11: 22 | H11: =ROUND(G11*'הנחות ופרמטרים'!$B$10,0) | I11: =ROUND(G11/30*'הנחות ופרמטרים'!$B$11+H11,0) | J11: 189 | K11: =F11*J11
A12: JK-5504 | B12: ג׳קט ג׳ינס | C12: מעילים | D12: M | E12: כחול | F12: 64 | G12: 31 | H12: =ROUND(G12*'הנחות ופרמטרים'!$B$10,0) | I12: =ROUND(G12/30*'הנחות ופרמטרים'!$B$11+H12,0) | J12: 154 | K12: =F12*J12
A13: AC-6001 | B13: חגורת עור | C13: אביזרים | D13: יחיד | E13: חום | F13: 205 | G13: 40 | H13: =ROUND(G13*'הנחות ופרמטרים'!$B$10,0) | I13: =ROUND(G13/30*'הנחות ופרמטרים'!$B$11+H13,0) | J13: 42 | K13: =F13*J13
A14: AC-6014 | B14: צעיף צמר | C14: אביזרים | D14: יחיד | E14: בורדו | F14: 88 | G14: 18 | H14: =ROUND(G14*'הנחות ופרמטרים'!$B$10,0) | I14: =ROUND(G14/30*'הנחות ופרמטרים'!$B$11+H14,0) | J14: 38.5 | K14: =F14*J14
A15: SK-7203 | B15: חצאית מידי | C15: חצאיות | D15: S | E15: ירוק | F15: 52 | G15: 27 | H15: =ROUND(G15*'הנחות ופרמטרים'!$B$10,0) | I15: =ROUND(G15/30*'הנחות ופרמטרים'!$B$11+H15,0) | J15: 78 | K15: =F15*J15
A17: סה״כ שווי מלאי | K17: =SUM(K4:K15)
A18: פריטים מתחת לנקודת הזמנה | K18: =SUMPRODUCT(--(F4:F15<I4:I15))

Sheet תזרים מזומנים
A1: תזרים מזומנים חודשי — 2026
A3: חודש | B3: תאריך סוף חודש | C3: תקבולים | D3: תשלומים | E3: תזרים נטו | F3: יתרת מזומן מצטברת
A4: ינואר | B4: 46053 | C4: ='הכנסות'!B9 | D4: =-'הוצאות'!B13-'הכנסות'!B9*'הנחות ופרמטרים'!$B$6 | E4: =C4+D4 | F4: =285000+E4
A5: פברואר | B5: 46081 | C5: ='הכנסות'!C9 | D5: =-'הוצאות'!C13-'הכנסות'!C9*'הנחות ופרמטרים'!$B$6 | E5: =C5+D5 | F5: =F4+E5
A6: מרץ | B6: 46112 | C6: ='הכנסות'!D9 | D6: =-'הוצאות'!D13-'הכנסות'!D9*'הנחות ופרמטרים'!$B$6 | E6: =C6+D6 | F6: =F5+E6
A7: אפריל | B7: 46142 | C7: ='הכנסות'!E9 | D7: =-'הוצאות'!E13-'הכנסות'!E9*'הנחות ופרמטרים'!$B$6 | E7: =C7+D7 | F7: =F6+E7
A8: מאי | B8: 46173 | C8: ='הכנסות'!F9 | D8: =-'הוצאות'!F13-'הכנסות'!F9*'הנחות ופרמטרים'!$B$6 | E8: =C8+D8 | F8: =F7+E8
A9: יוני | B9: 46203 | C9: ='הכנסות'!G9 | D9: =-'הוצאות'!G13-'הכנסות'!G9*'הנחות ופרמטרים'!$B$6 | E9: =C9+D9 | F9: =F8+E9
A10: יולי | B10: 46234 | C10: ='הכנסות'!H9 | D10: =-'הוצאות'!H13-'הכנסות'!H9*'הנחות ופרמטרים'!$B$6 | E10: =C10+D10 | F10: =F9+E10
A11: אוגוסט | B11: 46265 | C11: ='הכנסות'!I9 | D11: =-'הוצאות'!I13-'הכנסות'!I9*'הנחות ופרמטרים'!$B$6 | E11: =C11+D11 | F11: =F10+E11
A12: ספטמבר | B12: 46295 | C12: ='הכנסות'!J9 | D12: =-'הוצאות'!J13-'הכנסות'!J9*'הנחות ופרמטרים'!$B$6 | E12: =C12+D12 | F12: =F11+E12
A13: אוקטובר | B13: 46326 | C13: ='הכנסות'!K9 | D13: =-'הוצאות'!K13-'הכנסות'!K9*'הנחות ופרמטרים'!$B$6 | E13: =C13+D13 | F13: =F12+E13
A14: נובמבר | B14: 46356 | C14: ='הכנסות'!L9 | D14: =-'הוצאות'!L13-'הכנסות'!L9*'הנחות ופרמטרים'!$B$6 | E14: =C14+D14 | F14: =F13+E14
A15: דצמבר | B15: 46387 | C15: ='הכנסות'!M9 | D15: =-'הוצאות'!M13-'הכנסות'!M9*'הנחות ופרמטרים'!$B$6 | E15: =C15+D15 | F15: =F14+E15
